{
	"CarModel":{
			"AUDI A4":0.000048,
			"AUDI A6":0.000021,
			"AUDI A7":0.000001,
			"AUDI A8":0.000003,
			"AUDI Q5":0.000037,
			"AUDI Q7":0.000039,
			"AUDI TT":0.000000,
			"BMW":0.000000,
			"BMW 3 SERIES":0.000025,
			"BMW 5 SERIES":0.000043,
			"BMW 6 SERIES":0.000001,
			"BMW 7 SERIES":0.000010,
			"BMW BMW X6":0.000001,
			"BMW BMW-M3":0.000007,
			"BMW BMW-M5":0.000018,
			"BMW BMW-M6":0.000004,
			"BMW MINIS":0.000003,
			"BMW X1":0.000025,
			"BMW X3":0.000020,
			"BMW X5":0.000021,
			"BMW Z4":0.000000,
			"DAEWOO CIELO":0.000029,
			"DAEWOO MATIZ":0.000748,
			"DAEWOO NEXIA":0.000000,
			"FIAT":0.000072,
			"FIAT 500":0.000005,
			"FIAT ADVENTURE":0.000185,
			"FIAT GRAND PUNTO":0.004288,
			"FIAT LINEA":0.003950,
			"FIAT PALIO":0.002332,
			"FIAT PALIO STILE":0.000257,
			"FIAT PETRA":0.000074,
			"FIAT SIENA":0.000092,
			"FIAT UNO":0.000238,
			"FORCE FORCE ONE":0.000127,
			"FORCE TRAX":0.000155,
			"FORD":0.000109,
			"FORD ECO SPORT":0.000001,
			"FORD ECOSPORT":0.000687,
			"FORD ENDEAVOUR":0.000555,
			"FORD ESCORT":0.000185,
			"FORD FIESTA":0.013674,
			"FORD FIGO":0.012494,
			"FORD FOCUS":0.000005,
			"FORD FUSION":0.000622,
			"FORD IKON":0.008815,
			"FORD LIMOUSINE":0.000003,
			"FORD MONDEO":0.000007,
			"GENERAL MOTORS":0.000154,
			"GENERAL MOTORS AVEO":0.004000,
			"GENERAL MOTORS AVEO UV-A":0.002377,
			"GENERAL MOTORS BEAT":0.011823,
			"GENERAL MOTORS CAPTIVA":0.000561,
			"GENERAL MOTORS CHEVROLET CRUZE":0.001842,
			"GENERAL MOTORS ENJOY":0.000878,
			"GENERAL MOTORS FORESTER":0.000008,
			"GENERAL MOTORS OPEL":0.000353,
			"GENERAL MOTORS OPEL ASTRA":0.000221,
			"GENERAL MOTORS OPEL CORSA":0.001156,
			"GENERAL MOTORS OPTRA":0.003096,
			"GENERAL MOTORS OPTRA MAGNUM":0.000705,
			"GENERAL MOTORS SAIL":0.001389,
			"GENERAL MOTORS SPARK":0.015577,
			"GENERAL MOTORS SRV":0.000071,
			"GENERAL MOTORS TAVERA":0.006816,
			"GENERAL MOTORS TAVERA NEO":0.001136,
			"GENERAL MOTORS TRAILBLAZER":0.000002,
			"GENERAL MOTORS VECTRA":0.000001,
			"HINDUSTAN MOTORS AMBASSADOR":0.000229,
			"HINDUSTAN MOTORS AVIGO":0.000003,
			"HINDUSTAN MOTORS CONTESSA":0.000017,
			"HINDUSTAN MOTORS GRAND":0.000017,
			"HINDUSTAN MOTORS PUSHPAK":0.000000,
			"HINDUSTAN MOTORS TREKKER":0.000006,
			"HONDA":0.000076,
			"HONDA ACCORD":0.000421,
			"HONDA AMAZE":0.001534,
			"HONDA BRIO":0.000746,
			"HONDA BRV":0.000001,
			"HONDA CITY":0.018280,
			"HONDA CIVIC":0.002094,
			"HONDA CR-V":0.000292,
			"HONDA JAZZ":0.000580,
			"HONDA MOBILIO":0.000276,
			"HONDA SAIL":0.000004,
			"HYUNDAI":0.000578,
			"HYUNDAI ACCENT":0.011845,
			"HYUNDAI ALTO":0.000002,
			"HYUNDAI CRETA":0.000042,
			"HYUNDAI ELANTRA":0.000530,
			"HYUNDAI EON":0.005093,
			"HYUNDAI GETZ":0.006360,
			"HYUNDAI I10":0.041592,
			"HYUNDAI I20":0.022260,
			"HYUNDAI SANTA FE":0.000082,
			"HYUNDAI SANTRO":0.056353,
			"HYUNDAI SANTRO XING":0.007322,
			"HYUNDAI SONATA":0.000198,
			"HYUNDAI SONATA V-6":0.000118,
			"HYUNDAI TERRACAN":0.000044,
			"HYUNDAI TUCSON":0.000057,
			"HYUNDAI VELOSTER":0.000011,
			"HYUNDAI VERNA":0.015724,
			"HYUNDAI XCENT":0.000936,
			"JEEP CHEROKEE":0.000004,
			"LAND ROVER ROVER":0.000013,
			"MAHINDRA &  MAHINDRA":0.000932,
			"MAHINDRA &  MAHINDRA ARMADA":0.000581,
			"MAHINDRA &  MAHINDRA BOLERO":0.044434,
			"MAHINDRA &  MAHINDRA BOLERO PIK UP":0.008041,
			"MAHINDRA &  MAHINDRA CLASSIC":0.000177,
			"MAHINDRA &  MAHINDRA COMMANDER":0.000114,
			"MAHINDRA &  MAHINDRA GENIO":0.000210,
			"MAHINDRA &  MAHINDRA KUV100":0.000047,
			"MAHINDRA &  MAHINDRA LOGAN D":0.017183,
			"MAHINDRA &  MAHINDRA LOGAN P":0.013650,
			"MAHINDRA &  MAHINDRA MAHINDRA CNG":0.000116,
			"MAHINDRA &  MAHINDRA MAHINDRA MM":0.000672,
			"MAHINDRA &  MAHINDRA MAHINDRA PIK UP":0.001078,
			"MAHINDRA &  MAHINDRA MARSHAL":0.000306,
			"MAHINDRA &  MAHINDRA MAXX":0.001015,
			"MAHINDRA &  MAHINDRA MAXXIMO":0.000446,
			"MAHINDRA &  MAHINDRA QUANTO":0.002450,
			"MAHINDRA &  MAHINDRA REVA":0.000014,
			"MAHINDRA &  MAHINDRA SCORPIO CRDE":0.061447,
			"MAHINDRA &  MAHINDRA SCORPIO NEF":0.012495,
			"MAHINDRA &  MAHINDRA SSANYONG KORANDO":0.000059,
			"MAHINDRA &  MAHINDRA SSANYONG REXTON":0.000101,
			"MAHINDRA &  MAHINDRA SUPRO":0.000009,
			"MAHINDRA &  MAHINDRA THAR":0.000912,
			"MAHINDRA &  MAHINDRA TUV300":0.000046,
			"MAHINDRA &  MAHINDRA VERITO":0.011196,
			"MAHINDRA &  MAHINDRA XUV 500":0.007602,
			"MAHINDRA &  MAHINDRA XYLO":0.031833,
			"MARUTI SUZUKI":0.000958,
			"MARUTI SUZUKI 800":0.022311,
			"MARUTI SUZUKI A STAR":0.003480,
			"MARUTI SUZUKI ALTO":0.062546,
			"MARUTI SUZUKI ASTAR":0.000006,
			"MARUTI SUZUKI BALENO":0.001018,
			"MARUTI SUZUKI BREZZA":0.000017,
			"MARUTI SUZUKI CELERIO":0.000576,
			"MARUTI SUZUKI CIAZ":0.000326,
			"MARUTI SUZUKI EECO":0.004786,
			"MARUTI SUZUKI ERTIGA":0.005133,
			"MARUTI SUZUKI ESTEEM 1000":0.002213,
			"MARUTI SUZUKI ESTEEM 1300":0.001642,
			"MARUTI SUZUKI ESTILO":0.000000,
			"MARUTI SUZUKI GRAND VITARA":0.000093,
			"MARUTI SUZUKI GYPSY 1000":0.000130,
			"MARUTI SUZUKI GYPSY 1300":0.000116,
			"MARUTI SUZUKI KIZASHI":0.000025,
			"MARUTI SUZUKI OMNI":0.012934,
			"MARUTI SUZUKI RITZ":0.014394,
			"MARUTI SUZUKI SWIFT":0.067421,
			"MARUTI SUZUKI SWIFT D,ZIRE":0.000004,
			"MARUTI SUZUKI SWIFT DZIRE":0.032511,
			"MARUTI SUZUKI SX4":0.005531,
			"MARUTI SUZUKI VERSA":0.000424,
			"MARUTI SUZUKI WAGONR":0.050562,
			"MARUTI SUZUKI ZEN":0.011946,
			"MARUTI SUZUKI ZEN ESTILO":0.009364,
			"MERCEDES BENZ C-CLASS":0.000065,
			"MERCEDES BENZ CL-CLASS":0.000006,
			"MERCEDES BENZ CLK-CLASS":0.000004,
			"MERCEDES BENZ CLS-CLASS":0.000002,
			"MERCEDES BENZ E-CLASS":0.000067,
			"MERCEDES BENZ G CLASS":0.000012,
			"MERCEDES BENZ GL-CLASS":0.000005,
			"MERCEDES BENZ ML 350":0.000018,
			"MERCEDES BENZ ML-CLASS":0.000002,
			"MERCEDES BENZ S 320 CDI L":0.000029,
			"MERCEDES BENZ S 350 L":0.000006,
			"MERCEDES BENZ S-CLASS":0.000007,
			"MERCEDES BENZ SL-CLASS":0.000009,
			"MERCEDES BENZ SLK-CLASS":0.000001,
			"MITSUBISHI MOTORS CEDIA":0.000128,
			"MITSUBISHI MOTORS LANCER":0.001516,
			"MITSUBISHI MOTORS MONTERO":0.000041,
			"MITSUBISHI MOTORS OUTLANDER":0.000036,
			"MITSUBISHI MOTORS PAJERO":0.000478,
			"MORRIS AUSTIN":0.000003,
			"NISSAN":0.000010,
			"NISSAN DATSUN GO":0.000174,
			"NISSAN EVALIA":0.000004,
			"NISSAN LAUREL":0.000015,
			"NISSAN MICRA":0.001996,
			"NISSAN SUPER SUNNY":0.001639,
			"NISSAN TEANA":0.000069,
			"NISSAN TERRANO":0.000383,
			"NISSAN X-TRAIL":0.000088,
			"PORCHE CAYENNE":0.000002,
			"PORCHE CAYMAN S":0.000004,
			"PREMIER AUTOMOBILES PADMINI":0.000033,
			"PREMIER AUTOMOBILES RIO":0.000162,
			"RENAULT":0.000005,
			"RENAULT DUSTER":0.002993,
			"RENAULT FLUENCE":0.000112,
			"RENAULT KOLEOS":0.000039,
			"RENAULT KWID":0.000030,
			"RENAULT LODGY":0.000005,
			"RENAULT PULSE":0.000564,
			"RENAULT RENAULT 1.9":0.000286,
			"RENAULT SCALA":0.000227,
			"SAN MOTORS SAN STORM 1.2":0.000005,
			"SKODA":0.000028,
			"SKODA FABIA":0.002673,
			"SKODA LAURA":0.001790,
			"SKODA OCTAVIA":0.002264,
			"SKODA RAPID":0.002178,
			"SKODA ROOMSTER":0.000002,
			"SKODA SUPERB":0.000269,
			"SKODA YETI":0.000099,
			"SONALIKA RHINO RX":0.000090,
			"TATA MOTORS":0.000394,
			"TATA MOTORS 207":0.000227,
			"TATA MOTORS ACE":0.000411,
			"TATA MOTORS ARIA":0.000348,
			"TATA MOTORS BOLT":0.000072,
			"TATA MOTORS INDICA":0.041161,
			"TATA MOTORS INDIGO":0.021865,
			"TATA MOTORS INDIGO MANZA":0.010607,
			"TATA MOTORS INDIGO MARINA":0.001854,
			"TATA MOTORS JAGUAR XF":0.000007,
			"TATA MOTORS JAGUAR XJ":0.000028,
			"TATA MOTORS JAGUAR XL":0.000004,
			"TATA MOTORS LAND ROVER DISCOVERY":0.000003,
			"TATA MOTORS LAND ROVER RANGE ROVER":0.000003,
			"TATA MOTORS MAGIC":0.000100,
			"TATA MOTORS NANO":0.003786,
			"TATA MOTORS SAFARI":0.007577,
			"TATA MOTORS SIERRA":0.000109,
			"TATA MOTORS SUMO":0.005354,
			"TATA MOTORS SUMO GRANDE":0.001251,
			"TATA MOTORS TIAGO":0.000007,
			"TATA MOTORS TL":0.000022,
			"TATA MOTORS VENTURE":0.000353,